{
	"info": {
		"_postman_id": "5ef46b32-777a-4f6d-9ad2-6137814d0eb5",
		"name": "Handpoint API REST Delivery",
		"schema": "https://schema.getpostman.com/json/collection/v2.1.0/collection.json",
		"_exporter_id": "3069504"
	},
	"item": [
		{
			"name": "Initialize",
			"protocolProfileBehavior": {
				"disableBodyPruning": true
			},
			"request": {
				"method": "GET",
				"header": [
					{
						"key": "ApiKeyCLoud",
						"value": "Your API KEY"
					}
				],
				"body": {
					"mode": "raw",
					"raw": ""
				},
				"url": {
					"raw": "https://cloud.handpoint.com/initialize",
					"protocol": "https",
					"host": [
						"cloud",
						"handpoint",
						"com"
					],
					"path": [
						"initialize"
					]
				}
			},
			"response": []
		},
		{
			"name": "Ping Device",
			"request": {
				"method": "POST",
				"header": [
					{
						"key": "ApiKeyCLoud",
						"value": "Your Api Key"
					},
					{
						"key": "Content-Type",
						"value": "application/json"
					}
				],
				"body": {
					"mode": "raw",
					"raw": "{\n        \"operation\":\"pingDevice\",\n        \"terminal_type\":\"PAXA920\",\n        \"serial_number\":\"Your device SN\",\n        \"customerReference\": \"op15248\",\n        \"callbackUrl\":\"Your callbackUrl\",\n        \"token\":\"123456789\"\n        }"
				},
				"url": {
					"raw": "https://cloud.handpoint.com/transactions",
					"protocol": "https",
					"host": [
						"cloud",
						"handpoint",
						"com"
					],
					"path": [
						"transactions"
					]
				}
			},
			"response": []
		},
		{
			"name": "Sale",
			"request": {
				"method": "POST",
				"header": [
					{
						"key": "ApiKeyCLoud",
						"value": "Your API Key"
					},
					{
						"key": "Content-Type",
						"value": "application/json"
					}
				],
				"body": {
					"mode": "raw",
					"raw": "{\n        \"operation\":\"sale\",\n        \"amount\":\"100\",\n        \"currency\":\"EUR\",\n        \"terminal_type\":\"PAXA920\",\n        \"serial_number\":\"Your device SN\",\n        \"customerReference\": \"op15248\",\n        \"callbackUrl\":\"your callbackUrl\",\n        \"token\":\"123456789\"\n        }"
				},
				"url": {
					"raw": "https://cloud.handpoint.com/transactions",
					"protocol": "https",
					"host": [
						"cloud",
						"handpoint",
						"com"
					],
					"path": [
						"transactions"
					]
				}
			},
			"response": []
		},
		{
			"name": "Sale and Tokenize",
			"request": {
				"method": "POST",
				"header": [
					{
						"key": "ApiKeyCLoud",
						"value": "Your Api Key"
					},
					{
						"key": "Content-Type",
						"value": "application/json"
					}
				],
				"body": {
					"mode": "raw",
					"raw": "{\n        \"operation\":\"saleAndTokenizeCard\",\n        \"amount\":\"100\",\n        \"currency\":\"EUR\",\n        \"terminal_type\":\"PAXA920\",\n        \"serial_number\":\"Your device SN\",\n        \"customerReference\": \"op15248\",\n        \"callbackUrl\":\"Your callbackUrl\",\n        \"token\":\"123456789\"\n        }"
				},
				"url": {
					"raw": "https://cloud.handpoint.com/transactions",
					"protocol": "https",
					"host": [
						"cloud",
						"handpoint",
						"com"
					],
					"path": [
						"transactions"
					]
				}
			},
			"response": []
		},
		{
			"name": "Sale Reversal",
			"request": {
				"method": "POST",
				"header": [
					{
						"key": "ApiKeyCLoud",
						"value": "Introduce your API KEY"
					},
					{
						"key": "Content-Type",
						"value": "application/json"
					}
				],
				"body": {
					"mode": "raw",
					"raw": "{\n        \"operation\":\"saleReversal\",\n        \"amount\":\"100\",\n        \"currency\":\"EUR\",\n        \"terminal_type\":\"PAXA920\",\n        \"serial_number\":\"Introduce your device Serial Number\",\n        \"customerReference\": \"op15248\",\n        \"callbackUrl\":\"Introduce your callbackUrl\",\n        \"token\":\"123456789\",\n        \"originalTransactionId\":\"Introduce transactionID\"\n        }"
				},
				"url": {
					"raw": "https://cloud.handpoint.com/transactions",
					"protocol": "https",
					"host": [
						"cloud",
						"handpoint",
						"com"
					],
					"path": [
						"transactions"
					]
				}
			},
			"response": []
		},
		{
			"name": "Sale Partial Approval",
			"request": {
				"method": "POST",
				"header": [
					{
						"key": "ApiKeyCLoud",
						"value": "Your API KEY"
					},
					{
						"key": "Content-Type",
						"value": "application/json"
					}
				],
				"body": {
					"mode": "raw",
					"raw": "{\n        \"operation\":\"sale\",\n        \"amount\":\"3757\",\n        \"currency\":\"EUR\",\n        \"terminal_type\":\"PAXA920\",\n        \"serial_number\":\"Your device SN\",\n        \"customerReference\": \"op15248\",\n        \"callbackUrl\":\"your callbackUrl\",\n        \"token\":\"123456789\"\n        }"
				},
				"url": {
					"raw": "https://cloud.handpoint.com/transactions",
					"protocol": "https",
					"host": [
						"cloud",
						"handpoint",
						"com"
					],
					"path": [
						"transactions"
					]
				}
			},
			"response": []
		},
		{
			"name": "Refund",
			"request": {
				"method": "POST",
				"header": [
					{
						"key": "ApiKeyCLoud",
						"value": "Your API Key"
					},
					{
						"key": "Content-Type",
						"value": "application/json"
					}
				],
				"body": {
					"mode": "raw",
					"raw": "{\n        \"operation\":\"refund\",\n        \"amount\":\"100\",\n        \"currency\":\"EUR\",\n        \"terminal_type\":\"PAXA920\",\n        \"serial_number\":\"Your device SN\",\n        \"customerReference\": \"op15248\",\n        \"callbackUrl\":\"Your callbackUrl\",\n        \"token\":\"123456789\"\n        }"
				},
				"url": {
					"raw": "https://cloud.handpoint.com/transactions",
					"protocol": "https",
					"host": [
						"cloud",
						"handpoint",
						"com"
					],
					"path": [
						"transactions"
					]
				}
			},
			"response": []
		},
		{
			"name": "Refund Reversal",
			"request": {
				"method": "POST",
				"header": [
					{
						"key": "ApiKeyCLoud",
						"value": "Your Api Key"
					},
					{
						"key": "Content-Type",
						"value": "application/json"
					}
				],
				"body": {
					"mode": "raw",
					"raw": "{\n        \"operation\":\"refundReversal\",\n        \"amount\":\"100\",\n        \"currency\":\"EUR\",\n        \"terminal_type\":\"PAXA920\",\n        \"serial_number\":\"Your device SN\",\n        \"customerReference\": \"op15248\",\n        \"callbackUrl\":\"Your callbackUrl\",\n        \"token\":\"123456789\",\n        \"originalTransactionId\":\"your original trx ID\"\n        }"
				},
				"url": {
					"raw": "https://cloud.handpoint.com/transactions",
					"protocol": "https",
					"host": [
						"cloud",
						"handpoint",
						"com"
					],
					"path": [
						"transactions"
					]
				}
			},
			"response": []
		},
		{
			"name": "Print Receipt",
			"request": {
				"method": "POST",
				"header": [
					{
						"key": "ApiKeyCLoud",
						"value": "Your API KEY"
					},
					{
						"key": "Content-Type",
						"value": "application/json"
					}
				],
				"body": {
					"mode": "raw",
					"raw": "{\n        \"operation\":\"printReceipt\",\n        \"terminal_type\":\"PAXA920\",\n        \"serial_number\":\"YOUR DEVICE SN\",\n        \"customerReference\": \"op15248\",\n        \"receipt\":\"YOUR RECEIPT URL\",\n        \"callbackUrl\":\"YOUR CALLBACK URL\",\n        \"token\":\"123456789\"\n        }"
				},
				"url": {
					"raw": "https://cloud.handpoint.com/transactions",
					"protocol": "https",
					"host": [
						"cloud",
						"handpoint",
						"com"
					],
					"path": [
						"transactions"
					]
				}
			},
			"response": []
		},
		{
			"name": "Tokenize Card",
			"request": {
				"method": "POST",
				"header": [
					{
						"key": "ApiKeyCLoud",
						"value": "Your API KEY"
					},
					{
						"key": "Content-Type",
						"value": "application/json"
					}
				],
				"body": {
					"mode": "raw",
					"raw": "{\n        \"operation\":\"tokenizeCard\",\n        \"terminal_type\":\"PAXA920\",\n        \"serial_number\":\"Your device SN\",\n        \"customerReference\": \"op15248\",\n        \"callbackUrl\":\"Your callbackUrl\",\n        \"token\":\"123456789\"\n        }"
				},
				"url": {
					"raw": "https://cloud.handpoint.com/transactions",
					"protocol": "https",
					"host": [
						"cloud",
						"handpoint",
						"com"
					],
					"path": [
						"transactions"
					]
				}
			},
			"response": []
		},
		{
			"name": "Update",
			"request": {
				"method": "POST",
				"header": [
					{
						"key": "ApiKeyCLoud",
						"value": "Your API Key"
					},
					{
						"key": "Content-Type",
						"value": "application/json"
					}
				],
				"body": {
					"mode": "raw",
					"raw": "{\n        \"operation\":\"update\",\n        \"terminal_type\":\"PAXA920\",\n        \"serial_number\":\"your device serial_number\",\n        \"customerReference\": \"op15248\",\n        \"callbackUrl\":\"Your callbackUrl\",\n        \"token\":\"123456789\"\n        }"
				},
				"url": {
					"raw": "https://cloud.handpoint.com/transactions",
					"protocol": "https",
					"host": [
						"cloud",
						"handpoint",
						"com"
					],
					"path": [
						"transactions"
					]
				}
			},
			"response": []
		},
		{
			"name": "GetTransactionResult",
			"request": {
				"method": "GET",
				"header": [
					{
						"key": "ApiKeyCLoud",
						"value": "Your API Key",
						"type": "text"
					}
				],
				"url": {
					"raw": "https://cloud.handpoint.com/transaction-result/0812345678-11223344556677",
					"protocol": "https",
					"host": [
						"cloud",
						"handpoint",
						"com"
					],
					"path": [
						"transaction-result",
						"0812345678-11223344556677"
					]
				}
			},
			"response": []
		},
		{
			"name": "StopCurrentTransaction",
			"request": {
				"method": "POST",
				"header": [
					{
						"key": "ApiKeyCLoud",
						"value": "Your API Key"
					},
					{
						"key": "Content-Type",
						"value": "application/json"
					}
				],
				"body": {
					"mode": "raw",
					"raw": "{\n        \"operation\":\"stopCurrentTransaction\",\n        \"terminal_type\":\"PAXA920\",\n        \"serial_number\":\"your device serial_number\"\n        }"
				},
				"url": {
					"raw": "https://cloud.handpoint.com/transactions",
					"protocol": "https",
					"host": [
						"cloud",
						"handpoint",
						"com"
					],
					"path": [
						"transactions"
					]
				}
			},
			"response": []
		}
	]
}